<beans
xmlns="http://www.springframework.org/schema/beans"  
    xmlns:xsi="http://www.w3.org/2001/XMLSchema-instance"  
    xmlns:p="http://www.springframework.org/schema/p"  
    xsi:schemaLocation="http://www.springframework.org/schema/beans  
               http://www.springframework.org/schema/beans/spring-beans-3.0.xsd">  
  
 
   <!--Setter Injection -->
    <!--
 <bean class="Employee" id="emp">
	<property name="name" value="Richika"></property>
	<property name="salary" value="35000"></property>
	<property name="add">
		<list>
			<ref bean="add1"></ref>
			<ref bean="add2"></ref>
			<ref bean="add3"></ref>
		</list>
	</property>
	</bean>
	
	<bean class="Address" id="add1">
	<property name="hno" value="23"></property>
	<property name="city" value="Kolkata"></property>
	<property name="state" value="West Bengal" ></property>
	</bean>
	<bean class="Address" id="add2">
	<property name="hno" value="11"></property>
	<property name="city" value="Chennai"></property>
	<property name="state" value="Tamil Nadu" ></property>
	</bean>
	<bean class="Address" id="add3">
	<property name="hno" value="09"></property>
	<property name="city" value="Cuttack"></property>
	<property name="state" value="Odisha" ></property>
	</bean>
	 -->
	
	<!-- Constructor Injection -->
 	<bean class="Employee" id="emp">
	<constructor-arg value="Richika" ></constructor-arg>
	<constructor-arg value="800000" ></constructor-arg> 
	<constructor-arg >
		<list>
			<ref bean="adr1"></ref>
			<ref bean="adr2"></ref>
		</list>
	</constructor-arg>
	</bean>
	<bean class="Address" id="adr1">
	<constructor-arg value="78" ></constructor-arg>
	<constructor-arg value="Kolkata" ></constructor-arg> 
	<constructor-arg value="West Bengal"></constructor-arg>
	</bean>
	
	<bean class="Address" id="adr2">
	<constructor-arg value="16" ></constructor-arg>
	<constructor-arg value="Chennai" ></constructor-arg> 
	<constructor-arg value="Tamil Nadu"></constructor-arg>
	</bean>
	
	
	
</beans>















