
<beans xmlns = "http://www.springframework.org/schema/beans"
   xmlns:xsi = "http://www.w3.org/2001/XMLSchema-instance"
   xmlns:context = "http://www.springframework.org/schema/context"
   xsi:schemaLocation = "http://www.springframework.org/schema/beans
   http://www.springframework.org/schema/beans/spring-beans.xsd
   http://www.springframework.org/schema/context
   http://www.springframework.org/schema/context/spring-context.xsd">
  
 <context:annotation-config/>
 
 	 <bean class="Employee" id="emp" scope="prototype">
	<property name="name" value="Richika"></property>
	<property name="salary" value="35000"></property>
	</bean>
	
	<bean class="Address" id="add">
	<property name="hno" value="23"></property>
	<property name="city" value="Kolkata"></property>
	<property name="state" value="West Bengal" ></property>
	</bean> 


	 <!-- Constructor Injection -->
<!--	<bean class="Employee" id="emp" >
	<constructor-arg type="String" value="Richika" ></constructor-arg>
	<constructor-arg type="int" value="800000" ></constructor-arg> 

	</bean>
	<bean class="Address" id="add">
	<constructor-arg type="int" value="78" ></constructor-arg>
	<constructor-arg type="String" value="Kolkata" ></constructor-arg> 
	<constructor-arg type="String" value="West Bengal"></constructor-arg>
	</bean>  -->
	 
</beans>


