<beans
xmlns="http://www.springframework.org/schema/beans"  
    xmlns:xsi="http://www.w3.org/2001/XMLSchema-instance"  
    xmlns:p="http://www.springframework.org/schema/p"  
    xsi:schemaLocation="http://www.springframework.org/schema/beans  
               http://www.springframework.org/schema/beans/spring-beans-3.0.xsd">  
  
  
   
	<bean class="Employee" id="emp">
	
	
	<constructor-arg value="Richika" ></constructor-arg>
	<constructor-arg value="890000" ></constructor-arg>
	<property name="name" value="Richika"></property>
	<property name="salary" value="35000"></property> 
	
	</bean>
</beans>



<!-- 
when both are used together, the values of the setter are retained and the constructor values  are overwritten
 -->